0;1;1;1;1;1;1;1;2;8;9;9;9;9;9;9;9;9;9;9;9;9;9;9;9;9;9;9;9;9;9;9;9;9;9;9;9;10;3;0;1;1;1;1;1;1;2
4;5;5;5;5;5;5;5;6;-1;-1;-1;-1;-1;-1;-1;-1;-1;-1;-1;-1;-1;-1;-1;-1;-1;-1;-1;-1;-1;-1;-1;-1;-1;-1;-1;-1;-1;7;4;5;5;5;5;5;5;6
4;5;5;5;5;5;5;5;6;-1;-1;-1;-1;-1;-1;-1;-1;12;13;13;14;-1;-1;-1;-1;-1;-1;-1;-1;-1;-1;-1;12;14;-1;-1;-1;-1;7;4;5;5;5;5;5;5;6
4;5;5;5;5;5;5;5;6;-1;-1;0;2;0;2;-1;-1;-1;-1;-1;-1;-1;-1;-1;12;14;-1;-1;-1;-1;-1;-1;-1;-1;-1;12;14;-1;7;4;5;5;5;5;5;5;6
4;5;5;5;5;5;5;5;6;-1;-1;4;6;8;10;-1;-1;-1;-1;-1;-1;-1;0;2;-1;-1;-1;-1;-1;-1;-1;-1;-1;-1;-1;-1;-1;-1;7;4;5;5;5;5;5;5;6
4;5;5;5;5;5;5;5;6;-1;-1;8;10;-1;-1;-1;-1;3;-1;-1;0;2;4;6;-1;-1;-1;-1;-1;-1;-1;-1;0;2;-1;-1;-1;-1;7;4;5;5;5;5;5;5;6
4;5;5;5;5;5;5;5;6;-1;-1;-1;-1;-1;-1;-1;-1;7;-1;-1;4;6;4;6;-1;-1;-1;-1;0;2;-1;-1;4;6;3;-1;-1;-1;7;4;5;5;5;5;5;5;6
4;5;5;5;5;5;5;5;6;-1;-1;-1;-1;-1;0;1;2;7;-1;-1;4;6;4;6;0;2;-1;-1;4;6;-1;-1;4;6;7;3;-1;-1;7;4;5;5;5;5;5;5;6
4;5;5;5;5;5;5;5;6;-1;12;13;13;14;8;9;10;11;-1;-1;8;10;8;10;8;10;15;-1;4;6;-1;15;8;10;11;11;-1;-1;11;4;5;5;5;5;5;5;6
4;5;5;5;5;5;5;5;6;-1;-1;-1;-1;-1;-1;-1;-1;-1;-1;-1;-1;-1;-1;-1;-1;-1;-1;-1;4;6;-1;-1;-1;-1;-1;-1;-1;0;2;4;5;5;5;5;5;5;6
8;9;9;9;9;9;9;9;10;0;1;1;1;1;1;1;1;1;1;1;1;1;1;1;1;1;1;2;8;10;0;1;1;1;1;1;2;8;10;8;9;9;9;9;9;9;10
